<?xml version="1.0" encoding="UTF-8"?>
<project-private xmlns="http://www.netbeans.org/ns/project-private/1">
    <editor-bookmarks xmlns="http://www.netbeans.org/ns/editor-bookmarks/2" lastBookmarkId="0"/>
    <open-files xmlns="http://www.netbeans.org/ns/projectui-open-files/2">
        <group>
            <file>file:/C:/Users/NOCS/Downloads/SCDLABProject/src/LoginDetail.java</file>
            <file>file:/C:/Users/NOCS/Downloads/SCDLABProject/src/PaymentDetails.java</file>
            <file>file:/C:/Users/NOCS/Downloads/SCDLABProject/src/UserAccount.java</file>
            <file>file:/C:/Users/NOCS/Downloads/SCDLABProject/src/DatabaseConnection.java</file>
            <file>file:/C:/Users/NOCS/Downloads/SCDLABProject/src/ReservationDetails.java</file>
        </group>
    </open-files>
</project-private>
